"Timestamp","Name","Dynamic Voltage Frequency Scaling: 
Automatically adapt the frequency of vCPUs based on the expected computational demands of HADDOCK modules [Applicability]","Dynamic Voltage Frequency Scaling: 
Automatically adapt the frequency of vCPUs based on the expected computational demands of HADDOCK modules [Effort]","Dynamic Voltage Frequency Scaling: 
Automatically adapt the frequency of vCPUs based on the expected computational demands of HADDOCK modules [Originality]","Workload Policy:
Proactively adjust vCPU frequency based on expected computational demands of HADDOCK workflows [Applicability]","Workload Policy:
Proactively adjust vCPU frequency based on expected computational demands of HADDOCK workflows [Effort]","Workload Policy:
Proactively adjust vCPU frequency based on expected computational demands of HADDOCK workflows [Originality]","Parameter Value Tuning and Optimization:
Policies that make decisions based on parameter values. Involves profiling step execution with various parameters on different hardware to identify optimal settings. [Applicability]","Parameter Value Tuning and Optimization:
Policies that make decisions based on parameter values. Involves profiling step execution with various parameters on different hardware to identify optimal settings. [Effort]","Parameter Value Tuning and Optimization:
Policies that make decisions based on parameter values. Involves profiling step execution with various parameters on different hardware to identify optimal settings. [Originality]","Resource-Aware Scheduling:
HADDOCK can implement intelligent scheduling algorithms that prioritize tasks based on computational requirements, dependencies, and resource availability. For instance, computationally intensive steps, such as rigidbody, flexref, and emref. [Applicability]","Resource-Aware Scheduling:
HADDOCK can implement intelligent scheduling algorithms that prioritize tasks based on computational requirements, dependencies, and resource availability. For instance, computationally intensive steps, such as rigidbody, flexref, and emref. [Effort]","Resource-Aware Scheduling:
HADDOCK can implement intelligent scheduling algorithms that prioritize tasks based on computational requirements, dependencies, and resource availability. For instance, computationally intensive steps, such as rigidbody, flexref, and emref. [Originality]","Mitigating Processor Underutilization via Dynamic Load Balancing Algorithms:
HADDOCK can implement load-balancing algorithms that monitor the utilization and memory usage of virtual CPUs in real-time and dynamically in a self-adaptive manner re-distribute tasks across vCPUs to ensure balanced utilization [Applicability]","Mitigating Processor Underutilization via Dynamic Load Balancing Algorithms:
HADDOCK can implement load-balancing algorithms that monitor the utilization and memory usage of virtual CPUs in real-time and dynamically in a self-adaptive manner re-distribute tasks across vCPUs to ensure balanced utilization [Effort]","Mitigating Processor Underutilization via Dynamic Load Balancing Algorithms:
HADDOCK can implement load-balancing algorithms that monitor the utilization and memory usage of virtual CPUs in real-time and dynamically in a self-adaptive manner re-distribute tasks across vCPUs to ensure balanced utilization [Originality]","Adaptive Batch Size Adjustment:
Currently Haddock divides tasks into fixed-sized batches based on available vCPUs for resource-intensive modules like Sampling and Model Refinement. Reducing batch size can mitigate resource contention and improve responsiveness, while increasing batch size during idle periods can maximize throughput. [Applicability]","Adaptive Batch Size Adjustment:
Currently Haddock divides tasks into fixed-sized batches based on available vCPUs for resource-intensive modules like Sampling and Model Refinement. Reducing batch size can mitigate resource contention and improve responsiveness, while increasing batch size during idle periods can maximize throughput. [Effort]","Adaptive Batch Size Adjustment:
Currently Haddock divides tasks into fixed-sized batches based on available vCPUs for resource-intensive modules like Sampling and Model Refinement. Reducing batch size can mitigate resource contention and improve responsiveness, while increasing batch size during idle periods can maximize throughput. [Originality]","Dynamic Task Allocation:
Haddock can explore different task granularities to optimize resource and energy efficiency. The current 1-to-1 task-to-vCPU mapping could be improved by n-to-1 mapping for better performance and efficiency. [Applicability]","Dynamic Task Allocation:
Haddock can explore different task granularities to optimize resource and energy efficiency. The current 1-to-1 task-to-vCPU mapping could be improved by n-to-1 mapping for better performance and efficiency. [Effort]","Dynamic Task Allocation:
Haddock can explore different task granularities to optimize resource and energy efficiency. The current 1-to-1 task-to-vCPU mapping could be improved by n-to-1 mapping for better performance and efficiency. [Originality]","Fine-grained Parallelization:
Divide tasks into smaller sub-tasks and executing them concurrently across multiple vCPU threads. Currently forks only processes. [Applicability]","Fine-grained Parallelization:
Divide tasks into smaller sub-tasks and executing them concurrently across multiple vCPU threads. Currently forks only processes. [Effort]","Fine-grained Parallelization:
Divide tasks into smaller sub-tasks and executing them concurrently across multiple vCPU threads. Currently forks only processes. [Originality]","Further Comments and/or additional tactics:"
"2024/07/12 8:19:39 am CET","Victor Reys","2","5","5","4","2","5","1","1","1","5","2","2","2","5","5","4","2","4","3","2","3","4","2","2","Reduce number of IO tasks"
"2024/07/15 12:59:12 pm CET","Alexandre Bonvin","1","5","1","3","2","3","2","3","1","3","3","2","1","5","5","5","2","1","4","2","3","5","2","1","I assumed 5 being the highest score (positive)"
"2024/08/27 12:41:37 pm CET","Rodrigo Vargas Honorato","3","4","3","4","4","4","5","3","2","3","3","4","3","5","4","4","3","5","5","2","3","5","3","4","none at this time"